Activity,U0InternalizedTotal,U0Cytoplasm
1 0.498955 0.244021
3 1.45991 0.716041
5 2.31 1.14
10 3.95 1.97
