Activity,U0InternalizedTotal,U0Cytoplasm
1 4.66543 0.182517
3 14.0047 0.551791
5 23.369 0.933778
10 47 2
25 119 6
50 229 11
75 335 17
100 448 22
150 565 28
